"permutation","balanced_accuracy"
1,0.296296296296296
2,0.148148148148148
3,0.259259259259259
4,0.185185185185185
5,0.296296296296296
6,0.296296296296296
7,0.222222222222222
8,0.333333333333333
9,0.185185185185185
10,0.222222222222222
11,0.222222222222222
12,0.37037037037037
13,0.333333333333333
14,0.37037037037037
15,0.333333333333333
16,0.407407407407407
17,0.666666666666667
18,0.37037037037037
19,0.444444444444444
20,0.296296296296296
21,0.148148148148148
22,0.259259259259259
23,0.333333333333333
24,0.185185185185185
25,0.148148148148148
26,0.296296296296296
27,0.296296296296296
28,0.296296296296296
29,0.333333333333333
30,0.222222222222222
31,0.148148148148148
32,0.37037037037037
33,0.222222222222222
34,0.37037037037037
35,0.296296296296296
36,0.296296296296296
37,0.259259259259259
38,0.518518518518518
39,0.333333333333333
40,0.37037037037037
41,0.37037037037037
42,0.222222222222222
43,0.111111111111111
44,0.111111111111111
45,0.259259259259259
46,0.296296296296296
47,0.333333333333333
48,0.185185185185185
49,0.222222222222222
50,0.296296296296296
51,0.333333333333333
52,0.333333333333333
53,0.296296296296296
54,0.407407407407407
55,0.333333333333333
56,0.37037037037037
57,0.444444444444444
58,0.111111111111111
59,0.148148148148148
60,0.37037037037037
61,0.407407407407407
62,0.296296296296296
63,0.407407407407407
64,0.333333333333333
65,0.296296296296296
66,0.481481481481482
67,0.407407407407407
68,0.296296296296296
69,0.444444444444444
70,0.37037037037037
71,0.259259259259259
72,0.333333333333333
73,0.111111111111111
74,0.407407407407407
75,0.444444444444444
76,0.259259259259259
77,0.259259259259259
78,0.296296296296296
79,0.222222222222222
80,0.37037037037037
81,0.37037037037037
82,0.222222222222222
83,0.296296296296296
84,0.407407407407407
85,0.407407407407407
86,0.259259259259259
87,0.296296296296296
88,0.444444444444444
89,0.444444444444444
90,0.444444444444444
91,0.407407407407407
92,0.296296296296296
93,0.259259259259259
94,0.444444444444444
95,0.481481481481481
96,0.37037037037037
97,0.407407407407407
98,0.222222222222222
99,0.444444444444444
100,0.37037037037037
101,0.185185185185185
102,0.259259259259259
103,0.148148148148148
104,0.407407407407407
105,0.333333333333333
106,0.222222222222222
107,0.407407407407407
108,0.222222222222222
109,0.444444444444444
110,0.296296296296296
111,0.444444444444444
112,0.296296296296296
113,0.259259259259259
114,0.222222222222222
115,0.518518518518518
116,0.222222222222222
117,0.333333333333333
118,0.222222222222222
119,0.481481481481481
120,0.407407407407407
121,0.518518518518518
122,0.111111111111111
123,0.111111111111111
124,0.296296296296296
125,0.444444444444444
126,0.222222222222222
127,0.333333333333333
128,0.333333333333333
129,0.296296296296296
130,0.333333333333333
131,0.333333333333333
132,0.444444444444444
133,0.407407407407407
134,0.296296296296296
135,0.259259259259259
136,0.259259259259259
137,0.333333333333333
138,0.37037037037037
139,0.481481481481482
140,0.333333333333333
141,0.407407407407407
142,0.407407407407407
143,0.333333333333333
144,0.333333333333333
145,0.333333333333333
146,0.37037037037037
147,0.185185185185185
148,0.555555555555556
149,0.259259259259259
150,0.37037037037037
151,0.111111111111111
152,0.407407407407407
153,0.37037037037037
154,0.481481481481481
155,0.444444444444444
156,0.296296296296296
157,0.222222222222222
158,0.185185185185185
159,0.333333333333333
160,0.296296296296296
161,0.333333333333333
162,0.296296296296296
163,0.333333333333333
164,0.333333333333333
165,0.148148148148148
166,0.222222222222222
167,0.296296296296296
168,0.222222222222222
169,0.185185185185185
170,0.37037037037037
171,0.148148148148148
172,0.259259259259259
173,0.259259259259259
174,0.407407407407407
175,0.222222222222222
176,0.0740740740740741
177,0.148148148148148
178,0.407407407407407
179,0.296296296296296
180,0.259259259259259
181,0.407407407407407
182,0.333333333333333
183,0.555555555555556
184,0.296296296296296
185,0.296296296296296
186,0.37037037037037
187,0.296296296296296
188,0.407407407407407
189,0.444444444444444
190,0.259259259259259
191,0.518518518518518
192,0.592592592592593
193,0.407407407407407
194,0.407407407407407
195,0.444444444444444
196,0.407407407407407
197,0.333333333333333
198,0.296296296296296
199,0.481481481481481
200,0.37037037037037
201,0.185185185185185
202,0.481481481481481
203,0.259259259259259
204,0.333333333333333
205,0.296296296296296
206,0.407407407407407
207,0.296296296296296
208,0.407407407407407
209,0.333333333333333
210,0.37037037037037
211,0.333333333333333
212,0.333333333333333
213,0.333333333333333
214,0.555555555555556
215,0.407407407407407
216,0.296296296296296
217,0.518518518518518
218,0.222222222222222
219,0.481481481481481
220,0.518518518518518
221,0.62962962962963
222,0.296296296296296
223,0.444444444444444
224,0.407407407407407
225,0.185185185185185
226,0.518518518518518
227,0.333333333333333
228,0.185185185185185
229,0.592592592592593
230,0.296296296296296
231,0.185185185185185
232,0.444444444444444
233,0.481481481481481
234,0.296296296296296
235,0.148148148148148
236,0.407407407407407
237,0.37037037037037
238,0.37037037037037
239,0.333333333333333
240,0.259259259259259
241,0.185185185185185
242,0.333333333333333
243,0.296296296296296
244,0.37037037037037
245,0.333333333333333
246,0.296296296296296
247,0.333333333333333
248,0.407407407407407
249,0.259259259259259
250,0.259259259259259
251,0.259259259259259
252,0.407407407407407
253,0.148148148148148
254,0.296296296296296
255,0.407407407407407
256,0.333333333333333
257,0.259259259259259
258,0.407407407407407
259,0.185185185185185
260,0.333333333333333
261,0.333333333333333
262,0.222222222222222
263,0.444444444444444
264,0.259259259259259
265,0.407407407407407
266,0.37037037037037
267,0.185185185185185
268,0.333333333333333
269,0.222222222222222
270,0.333333333333333
271,0.296296296296296
272,0.37037037037037
273,0.296296296296296
274,0.333333333333333
275,0.259259259259259
276,0.222222222222222
277,0.444444444444444
278,0.37037037037037
279,0.296296296296296
280,0.333333333333333
281,0.333333333333333
282,0.222222222222222
283,0.296296296296296
284,0.296296296296296
285,0.296296296296296
286,0.296296296296296
287,0.333333333333333
288,0.481481481481481
289,0.296296296296296
290,0.296296296296296
291,0.259259259259259
292,0.333333333333333
293,0.37037037037037
294,0.37037037037037
295,0.296296296296296
296,0.222222222222222
297,0.444444444444444
298,0.296296296296296
299,0.222222222222222
300,0.407407407407407
301,0.407407407407407
302,0.37037037037037
303,0.222222222222222
304,0.407407407407407
305,0.222222222222222
306,0.37037037037037
307,0.185185185185185
308,0.222222222222222
309,0.333333333333333
310,0.444444444444444
311,0.444444444444444
312,0.222222222222222
313,0.407407407407407
314,0.333333333333333
315,0.518518518518518
316,0.481481481481481
317,0.37037037037037
318,0.296296296296296
319,0.296296296296296
320,0.37037037037037
321,0.259259259259259
322,0.333333333333333
323,0.222222222222222
324,0.37037037037037
325,0.333333333333333
326,0.37037037037037
327,0.296296296296296
328,0.185185185185185
329,0.185185185185185
330,0.333333333333333
331,0.444444444444444
332,0.296296296296296
333,0.333333333333333
334,0.407407407407407
335,0.37037037037037
336,0.222222222222222
337,0.296296296296296
338,0.444444444444444
339,0.481481481481482
340,0.333333333333333
341,0.444444444444444
342,0.333333333333333
343,0.296296296296296
344,0.185185185185185
345,0.185185185185185
346,0.259259259259259
347,0.444444444444444
348,0.222222222222222
349,0.333333333333333
350,0.37037037037037
351,0.259259259259259
352,0.444444444444444
353,0.37037037037037
354,0.259259259259259
355,0.222222222222222
356,0.444444444444444
357,0.37037037037037
358,0.407407407407407
359,0.296296296296296
360,0.296296296296296
361,0.259259259259259
362,0.481481481481481
363,0.333333333333333
364,0.37037037037037
365,0.037037037037037
366,0.481481481481481
367,0.444444444444444
368,0.37037037037037
369,0.407407407407407
370,0.222222222222222
371,0.407407407407407
372,0.259259259259259
373,0.37037037037037
374,0.259259259259259
375,0.518518518518518
376,0.555555555555556
377,0.333333333333333
378,0.407407407407407
379,0.37037037037037
380,0.37037037037037
381,0.259259259259259
382,0.407407407407407
383,0.296296296296296
384,0.148148148148148
385,0.444444444444444
386,0.518518518518518
387,0.259259259259259
388,0.296296296296296
389,0.444444444444444
390,0.222222222222222
391,0.259259259259259
392,0.259259259259259
393,0.37037037037037
394,0.37037037037037
395,0.296296296296296
396,0.407407407407407
397,0.481481481481482
398,0.407407407407407
399,0.333333333333333
400,0.148148148148148
401,0.296296296296296
402,0.296296296296296
403,0.37037037037037
404,0.703703703703704
405,0.185185185185185
406,0.333333333333333
407,0.481481481481481
408,0.444444444444444
409,0.37037037037037
410,0.444444444444444
411,0.481481481481481
412,0.333333333333333
413,0.259259259259259
414,0.407407407407407
415,0.37037037037037
416,0.148148148148148
417,0.222222222222222
418,0.222222222222222
419,0.185185185185185
420,0.444444444444444
421,0.259259259259259
422,0.111111111111111
423,0.222222222222222
424,0.407407407407407
425,0.148148148148148
426,0.296296296296296
427,0.185185185185185
428,0.222222222222222
429,0.296296296296296
430,0.296296296296296
431,0.333333333333333
432,0.333333333333333
433,0.259259259259259
434,0.481481481481481
435,0.259259259259259
436,0.259259259259259
437,0.296296296296296
438,0.333333333333333
439,0.296296296296296
440,0.296296296296296
441,0.0740740740740741
442,0.592592592592593
443,0.259259259259259
444,0.185185185185185
445,0.148148148148148
446,0.296296296296296
447,0.259259259259259
448,0.259259259259259
449,0.222222222222222
450,0.407407407407407
451,0.481481481481481
452,0.185185185185185
453,0.296296296296296
454,0.518518518518518
455,0.222222222222222
456,0.37037037037037
457,0.37037037037037
458,0.296296296296296
459,0.296296296296296
460,0.333333333333333
461,0.407407407407407
462,0.444444444444444
463,0.37037037037037
464,0.333333333333333
465,0.296296296296296
466,0.259259259259259
467,0.148148148148148
468,0.259259259259259
469,0.222222222222222
470,0.481481481481481
471,0.481481481481481
472,0.333333333333333
473,0.481481481481482
474,0.592592592592593
475,0.259259259259259
476,0.407407407407407
477,0.296296296296296
478,0.37037037037037
479,0.333333333333333
480,0.148148148148148
481,0.37037037037037
482,0.259259259259259
483,0.407407407407407
484,0.259259259259259
485,0.481481481481481
486,0.62962962962963
487,0.333333333333333
488,0.481481481481481
489,0.444444444444444
490,0.185185185185185
491,0.333333333333333
492,0.259259259259259
493,0.407407407407407
494,0.296296296296296
495,0.296296296296296
496,0.185185185185185
497,0.296296296296296
498,0.444444444444444
499,0.592592592592593
500,0.481481481481481
501,0.296296296296296
502,0.333333333333333
503,0.481481481481481
504,0.222222222222222
505,0.444444444444444
506,0.37037037037037
507,0.222222222222222
508,0.296296296296296
509,0.333333333333333
510,0.296296296296296
511,0.259259259259259
512,0.259259259259259
513,0.407407407407407
514,0.222222222222222
515,0.296296296296296
516,0.333333333333333
517,0.185185185185185
518,0.111111111111111
519,0.444444444444444
520,0.407407407407407
521,0.296296296296296
522,0.37037037037037
523,0.222222222222222
524,0.37037037037037
525,0.222222222222222
526,0.518518518518518
527,0.148148148148148
528,0.0740740740740741
529,0.296296296296296
530,0.407407407407407
531,0.296296296296296
532,0.185185185185185
533,0.37037037037037
534,0.407407407407407
535,0.518518518518518
536,0.555555555555556
537,0.62962962962963
538,0.407407407407407
539,0.333333333333333
540,0.296296296296296
541,0.481481481481481
542,0.222222222222222
543,0.444444444444444
544,0.296296296296296
545,0.222222222222222
546,0.444444444444444
547,0.444444444444444
548,0.37037037037037
549,0.259259259259259
550,0.333333333333333
551,0.444444444444444
552,0.296296296296296
553,0.481481481481482
554,0.407407407407407
555,0.259259259259259
556,0.296296296296296
557,0.37037037037037
558,0.518518518518518
559,0.37037037037037
560,0.333333333333333
561,0.111111111111111
562,0.185185185185185
563,0.407407407407407
564,0.222222222222222
565,0.37037037037037
566,0.296296296296296
567,0.333333333333333
568,0.296296296296296
569,0.222222222222222
570,0.444444444444444
571,0.333333333333333
572,0.185185185185185
573,0.555555555555556
574,0.37037037037037
575,0.222222222222222
576,0.333333333333333
577,0.148148148148148
578,0.296296296296296
579,0.37037037037037
580,0.555555555555556
581,0.185185185185185
582,0.481481481481481
583,0.333333333333333
584,0.259259259259259
585,0.259259259259259
586,0.407407407407407
587,0.444444444444444
588,0.555555555555556
589,0.481481481481482
590,0.222222222222222
591,0.37037037037037
592,0.185185185185185
593,0.37037037037037
594,0.333333333333333
595,0.259259259259259
596,0.296296296296296
597,0.296296296296296
598,0.481481481481482
599,0.407407407407407
600,0.185185185185185
601,0.407407407407407
602,0.37037037037037
603,0.259259259259259
604,0.407407407407407
605,0.333333333333333
606,0.333333333333333
607,0.37037037037037
608,0.148148148148148
609,0.222222222222222
610,0.296296296296296
611,0.37037037037037
612,0.296296296296296
613,0.296296296296296
614,0.444444444444444
615,0.37037037037037
616,0.259259259259259
617,0.444444444444444
618,0.333333333333333
619,0.444444444444444
620,0.444444444444444
621,0.259259259259259
622,0.444444444444444
623,0.481481481481481
624,0.259259259259259
625,0.333333333333333
626,0.222222222222222
627,0.296296296296296
628,0.259259259259259
629,0.185185185185185
630,0.259259259259259
631,0.185185185185185
632,0.222222222222222
633,0.222222222222222
634,0.37037037037037
635,0.518518518518518
636,0.333333333333333
637,0.259259259259259
638,0.259259259259259
639,0.259259259259259
640,0.185185185185185
641,0.333333333333333
642,0.37037037037037
643,0.259259259259259
644,0.37037037037037
645,0.259259259259259
646,0.333333333333333
647,0.37037037037037
648,0.296296296296296
649,0.222222222222222
650,0.259259259259259
651,0.407407407407407
652,0.296296296296296
653,0.37037037037037
654,0.296296296296296
655,0.37037037037037
656,0.259259259259259
657,0.518518518518518
658,0.222222222222222
659,0.37037037037037
660,0.259259259259259
661,0.296296296296296
662,0.37037037037037
663,0.222222222222222
664,0.481481481481482
665,0.296296296296296
666,0.185185185185185
667,0.333333333333333
668,0.333333333333333
669,0.407407407407407
670,0.222222222222222
671,0.185185185185185
672,0.185185185185185
673,0.259259259259259
674,0.222222222222222
675,0.407407407407407
676,0.185185185185185
677,0.296296296296296
678,0.333333333333333
679,0.296296296296296
680,0.333333333333333
681,0.259259259259259
682,0.259259259259259
683,0.296296296296296
684,0.185185185185185
685,0.333333333333333
686,0.333333333333333
687,0.37037037037037
688,0.296296296296296
689,0.444444444444444
690,0.37037037037037
691,0.555555555555556
692,0.407407407407407
693,0.259259259259259
694,0.296296296296296
695,0.185185185185185
696,0.37037037037037
697,0.481481481481481
698,0.444444444444444
699,0.481481481481481
700,0.333333333333333
701,0.259259259259259
702,0.148148148148148
703,0.407407407407407
704,0.185185185185185
705,0.37037037037037
706,0.666666666666667
707,0.259259259259259
708,0.555555555555556
709,0.37037037037037
710,0.222222222222222
711,0.333333333333333
712,0.296296296296296
713,0.148148148148148
714,0.481481481481482
715,0.296296296296296
716,0.481481481481481
717,0.333333333333333
718,0.555555555555556
719,0.481481481481481
720,0.222222222222222
721,0.37037037037037
722,0.296296296296296
723,0.444444444444444
724,0.259259259259259
725,0.407407407407407
726,0.407407407407407
727,0.333333333333333
728,0.333333333333333
729,0.296296296296296
730,0.259259259259259
731,0.333333333333333
732,0.37037037037037
733,0.333333333333333
734,0.296296296296296
735,0.407407407407407
736,0.296296296296296
737,0.555555555555556
738,0.444444444444444
739,0.296296296296296
740,0.259259259259259
741,0.222222222222222
742,0.37037037037037
743,0.37037037037037
744,0.333333333333333
745,0.37037037037037
746,0.37037037037037
747,0.296296296296296
748,0.296296296296296
749,0.296296296296296
750,0.37037037037037
751,0.37037037037037
752,0.37037037037037
753,0.111111111111111
754,0.296296296296296
755,0.481481481481481
756,0.222222222222222
757,0.407407407407407
758,0.407407407407407
759,0.444444444444444
760,0.259259259259259
761,0.222222222222222
762,0.444444444444444
763,0.296296296296296
764,0.148148148148148
765,0.259259259259259
766,0.37037037037037
767,0.296296296296296
768,0.444444444444444
769,0.407407407407407
770,0.407407407407407
771,0.222222222222222
772,0.444444444444444
773,0.37037037037037
774,0.444444444444444
775,0.333333333333333
776,0.37037037037037
777,0.555555555555556
778,0.222222222222222
779,0.444444444444444
780,0.296296296296296
781,0.333333333333333
782,0.407407407407407
783,0.444444444444444
784,0.259259259259259
785,0.333333333333333
786,0.407407407407407
787,0.407407407407407
788,0.333333333333333
789,0.333333333333333
790,0.481481481481481
791,0.481481481481481
792,0.296296296296296
793,0.37037037037037
794,0.296296296296296
795,0.407407407407407
796,0.222222222222222
797,0.333333333333333
798,0.185185185185185
799,0.444444444444444
800,0.37037037037037
801,0.518518518518518
802,0.296296296296296
803,0.296296296296296
804,0.444444444444444
805,0.296296296296296
806,0.296296296296296
807,0.296296296296296
808,0.259259259259259
809,0.407407407407407
810,0.259259259259259
811,0.222222222222222
812,0.444444444444444
813,0.555555555555556
814,0.333333333333333
815,0.37037037037037
816,0.444444444444444
817,0.185185185185185
818,0.296296296296296
819,0.333333333333333
820,0.407407407407407
821,0.259259259259259
822,0.222222222222222
823,0.407407407407407
824,0.296296296296296
825,0.296296296296296
826,0.333333333333333
827,0.185185185185185
828,0.444444444444444
829,0.592592592592593
830,0.296296296296296
831,0.259259259259259
832,0.444444444444444
833,0.259259259259259
834,0.296296296296296
835,0.333333333333333
836,0.407407407407407
837,0.296296296296296
838,0.407407407407407
839,0.333333333333333
840,0.518518518518518
841,0.407407407407407
842,0.481481481481481
843,0.481481481481481
844,0.333333333333333
845,0.481481481481482
846,0.222222222222222
847,0.333333333333333
848,0.259259259259259
849,0.481481481481481
850,0.296296296296296
851,0.296296296296296
852,0.296296296296296
853,0.407407407407407
854,0.37037037037037
855,0.148148148148148
856,0.259259259259259
857,0.296296296296296
858,0.444444444444444
859,0.37037037037037
860,0.37037037037037
861,0.259259259259259
862,0.259259259259259
863,0.407407407407407
864,0.259259259259259
865,0.481481481481481
866,0.222222222222222
867,0.296296296296296
868,0.222222222222222
869,0.333333333333333
870,0.481481481481481
871,0.333333333333333
872,0.444444444444444
873,0.259259259259259
874,0.444444444444444
875,0.296296296296296
876,0.444444444444444
877,0.222222222222222
878,0.296296296296296
879,0.481481481481482
880,0.407407407407407
881,0.444444444444444
882,0.296296296296296
883,0.222222222222222
884,0.296296296296296
885,0.222222222222222
886,0.37037037037037
887,0.518518518518518
888,0.259259259259259
889,0.481481481481482
890,0.481481481481481
891,0.333333333333333
892,0.518518518518518
893,0.407407407407407
894,0.407407407407407
895,0.259259259259259
896,0.296296296296296
897,0.185185185185185
898,0.333333333333333
899,0.148148148148148
900,0.333333333333333
901,0.444444444444444
902,0.296296296296296
903,0.296296296296296
904,0.37037037037037
905,0.407407407407407
906,0.333333333333333
907,0.296296296296296
908,0.296296296296296
909,0.37037037037037
910,0.222222222222222
911,0.37037037037037
912,0.37037037037037
913,0.185185185185185
914,0.296296296296296
915,0.333333333333333
916,0.555555555555556
917,0.407407407407407
918,0.37037037037037
919,0.185185185185185
920,0.481481481481481
921,0.518518518518518
922,0.259259259259259
923,0.407407407407407
924,0.37037037037037
925,0.259259259259259
926,0.296296296296296
927,0.444444444444444
928,0.407407407407407
929,0.333333333333333
930,0.37037037037037
931,0.185185185185185
932,0.481481481481481
933,0.407407407407407
934,0.222222222222222
935,0.407407407407407
936,0.407407407407407
937,0.333333333333333
938,0.259259259259259
939,0.37037037037037
940,0.481481481481482
941,0.296296296296296
942,0.481481481481481
943,0.259259259259259
944,0.259259259259259
945,0.37037037037037
946,0.296296296296296
947,0.0740740740740741
948,0.333333333333333
949,0.259259259259259
950,0.37037037037037
951,0.111111111111111
952,0.407407407407407
953,0.296296296296296
954,0.555555555555556
955,0.296296296296296
956,0.333333333333333
957,0.296296296296296
958,0.333333333333333
959,0.222222222222222
960,0.407407407407407
961,0.296296296296296
962,0.222222222222222
963,0.62962962962963
964,0.333333333333333
965,0.296296296296296
966,0.444444444444444
967,0.37037037037037
968,0.296296296296296
969,0.259259259259259
970,0.296296296296296
971,0.407407407407407
972,0.185185185185185
973,0.222222222222222
974,0.37037037037037
975,0.222222222222222
976,0.333333333333333
977,0.518518518518518
978,0.296296296296296
979,0.148148148148148
980,0.407407407407407
981,0.407407407407407
982,0.518518518518518
983,0.444444444444444
984,0.481481481481482
985,0.185185185185185
986,0.37037037037037
987,0.296296296296296
988,0.222222222222222
989,0.296296296296296
990,0.222222222222222
991,0.259259259259259
992,0.185185185185185
993,0.111111111111111
994,0.222222222222222
995,0.296296296296296
996,0.296296296296296
997,0.333333333333333
998,0.296296296296296
999,0.296296296296296
1000,0.37037037037037
