"gene","selected_folds","selection_frequency"
"FOS",35,0.583333333333333
"MAFF",34,0.566666666666667
"KCNF1",32,0.533333333333333
"CCNB3",31,0.516666666666667
"NEURL3",29,0.483333333333333
"ARC",28,0.466666666666667
"IL6",25,0.416666666666667
"ATF3",24,0.4
"FRY",23,0.383333333333333
"PPP1R15A",23,0.383333333333333
"VGF",23,0.383333333333333
"DUSP5",21,0.35
"CXCL2",20,0.333333333333333
"PLK3",20,0.333333333333333
"PLAUR",19,0.316666666666667
"TP73",19,0.316666666666667
"CNBD1",18,0.3
"MT-ND5",18,0.3
"EXOC4",17,0.283333333333333
"ALOXE3",16,0.266666666666667
"EGR1",16,0.266666666666667
"GDF15",15,0.25
"MT-ND6",15,0.25
"SUPT3H",15,0.25
"BCAS3",14,0.233333333333333
"CXCL8",14,0.233333333333333
"ULK4",14,0.233333333333333
"BBS9",13,0.216666666666667
"ORC1",13,0.216666666666667
"PDGFB",13,0.216666666666667
"ZNF488",13,0.216666666666667
"AMOT",12,0.2
"ANK2",12,0.2
"GRK1",12,0.2
"RIBC2",12,0.2
"SALL2",12,0.2
"SPHK1",12,0.2
"TROAP",12,0.2
"EXO1",11,0.183333333333333
"PCDH18",11,0.183333333333333
"CEMIP2",10,0.166666666666667
"THBS1",10,0.166666666666667
"ZNF730",10,0.166666666666667
"CCL26",9,0.15
"COL5A2",9,0.15
"NR4A3",9,0.15
"APOL6",8,0.133333333333333
"BRME1",8,0.133333333333333
"CCNE1",8,0.133333333333333
"CKAP2",8,0.133333333333333
"E2F2",8,0.133333333333333
"HEG1",8,0.133333333333333
"LYPD6",8,0.133333333333333
"PRICKLE1",8,0.133333333333333
"NEK2",7,0.116666666666667
"OSGIN1",7,0.116666666666667
"UBALD2",7,0.116666666666667
"UBOX5",7,0.116666666666667
"BACH2",6,0.1
"ENSG00000268531",6,0.1
"FAT4",6,0.1
"RPL22L1",6,0.1
"SMOX",6,0.1
"UNG",6,0.1
"BUB1",5,0.0833333333333333
"BUB1B",5,0.0833333333333333
"CAND2",5,0.0833333333333333
"H2AC8",5,0.0833333333333333
"HSF2",5,0.0833333333333333
"IL11",5,0.0833333333333333
"MUC7",5,0.0833333333333333
"MYC",5,0.0833333333333333
"PAQR8",5,0.0833333333333333
"PTPRM",5,0.0833333333333333
"RASL12",5,0.0833333333333333
"SERTAD4",5,0.0833333333333333
"ANAPC10",4,0.0666666666666667
"ARMCX4",4,0.0666666666666667
"CSRNP1",4,0.0666666666666667
"GAS2L3",4,0.0666666666666667
"GNL2",4,0.0666666666666667
"KNSTRN",4,0.0666666666666667
"LARGE1",4,0.0666666666666667
"NPHS1",4,0.0666666666666667
"NYNRIN",4,0.0666666666666667
"PEG10",4,0.0666666666666667
"PLEKHG2",4,0.0666666666666667
"PTCH1",4,0.0666666666666667
"SERTAD1",4,0.0666666666666667
"SP1",4,0.0666666666666667
"TSPAN3",4,0.0666666666666667
"AMHR2",3,0.05
"AMN1",3,0.05
"CDKN1A",3,0.05
"CHD3",3,0.05
"COLEC12",3,0.05
"DEDD",3,0.05
"DNAJC6",3,0.05
"FRAT1",3,0.05
"GEM",3,0.05
"GPR3",3,0.05
"HOXA13",3,0.05
"JDP2",3,0.05
"KCTD9",3,0.05
"LOC105377730",3,0.05
"MCRIP1",3,0.05
"METAP2",3,0.05
"NMNAT2",3,0.05
"PPARGC1B",3,0.05
"RAD51-AS1",3,0.05
"S1PR5",3,0.05
"SLC1A3",3,0.05
"SNHG15",3,0.05
"STARD8",3,0.05
"TNN",3,0.05
"WNT9A",3,0.05
"ZBTB7C",3,0.05
"ZC3HAV1",3,0.05
"ZFHX4",3,0.05
"ARAP3",2,0.0333333333333333
"ARID1A",2,0.0333333333333333
"ASB2",2,0.0333333333333333
"BHLHE40",2,0.0333333333333333
"C5orf58",2,0.0333333333333333
"CDKAL1",2,0.0333333333333333
"CEBPB",2,0.0333333333333333
"CENATAC-DT",2,0.0333333333333333
"CGNL1",2,0.0333333333333333
"CKAP2L",2,0.0333333333333333
"COG5",2,0.0333333333333333
"CRYBG2",2,0.0333333333333333
"CXCL3",2,0.0333333333333333
"CYP4F35P",2,0.0333333333333333
"DDX10",2,0.0333333333333333
"DGKB",2,0.0333333333333333
"ENSG00000243155",2,0.0333333333333333
"FAT1",2,0.0333333333333333
"G2E3",2,0.0333333333333333
"H2AC6",2,0.0333333333333333
"H2BC3",2,0.0333333333333333
"H2BC5",2,0.0333333333333333
"H2BC6",2,0.0333333333333333
"HS3ST3B1",2,0.0333333333333333
"JAG2",2,0.0333333333333333
"LINC00322",2,0.0333333333333333
"LINC02027",2,0.0333333333333333
"LSM3",2,0.0333333333333333
"LZTS1",2,0.0333333333333333
"MEGF11",2,0.0333333333333333
"MSI1",2,0.0333333333333333
"NAALADL2",2,0.0333333333333333
"NDC80",2,0.0333333333333333
"NUSAP1",2,0.0333333333333333
"PARPBP",2,0.0333333333333333
"PBDC1",2,0.0333333333333333
"PDE6A",2,0.0333333333333333
"PEAK1",2,0.0333333333333333
"PIF1",2,0.0333333333333333
"PIK3C3",2,0.0333333333333333
"PIMREG",2,0.0333333333333333
"PYROXD1",2,0.0333333333333333
"QTMAN",2,0.0333333333333333
"RELB",2,0.0333333333333333
"RFC2",2,0.0333333333333333
"RRP15",2,0.0333333333333333
"SAPCD2",2,0.0333333333333333
"SPNS2",2,0.0333333333333333
"TCAF1P1",2,0.0333333333333333
"TGIF2LX",2,0.0333333333333333
"TMEM131L",2,0.0333333333333333
"TNRC6B",2,0.0333333333333333
"TRPC3",2,0.0333333333333333
"TTC27",2,0.0333333333333333
"TTYH2",2,0.0333333333333333
"TXNIP",2,0.0333333333333333
"ZBTB25",2,0.0333333333333333
"ZFYVE27",2,0.0333333333333333
"ZNF132",2,0.0333333333333333
"ZSCAN31",2,0.0333333333333333
"AGBL4",1,0.0166666666666667
"ANKRD13D",1,0.0166666666666667
"AP1AR",1,0.0166666666666667
"AP3B1",1,0.0166666666666667
"ARID5A",1,0.0166666666666667
"ARRDC3",1,0.0166666666666667
"ATAD3B",1,0.0166666666666667
"ATL2",1,0.0166666666666667
"ATXN7L2",1,0.0166666666666667
"BTBD9",1,0.0166666666666667
"C22orf39",1,0.0166666666666667
"C2CD3",1,0.0166666666666667
"CABLES1",1,0.0166666666666667
"CCDC27",1,0.0166666666666667
"CCNA2",1,0.0166666666666667
"CDC37L1",1,0.0166666666666667
"CDC42EP1",1,0.0166666666666667
"CDC42EP3",1,0.0166666666666667
"CEBPA-DT",1,0.0166666666666667
"CEP55",1,0.0166666666666667
"CHAC1",1,0.0166666666666667
"CKS2",1,0.0166666666666667
"CLEC2B",1,0.0166666666666667
"COX7B",1,0.0166666666666667
"CREB5",1,0.0166666666666667
"DBF4",1,0.0166666666666667
"DDAH1",1,0.0166666666666667
"DDX18",1,0.0166666666666667
"DEPDC1",1,0.0166666666666667
"DEPDC1B",1,0.0166666666666667
"DHX15",1,0.0166666666666667
"DLGAP5",1,0.0166666666666667
"DOHH",1,0.0166666666666667
"DPY19L2P2",1,0.0166666666666667
"EBAG9",1,0.0166666666666667
"EIF5",1,0.0166666666666667
"ENSG00000254859",1,0.0166666666666667
"ENSG00000256913",1,0.0166666666666667
"ENSG00000267466",1,0.0166666666666667
"ENSG00000272768",1,0.0166666666666667
"ENSG00000281205",1,0.0166666666666667
"ENTPD4",1,0.0166666666666667
"ESCO1",1,0.0166666666666667
"FAM13C",1,0.0166666666666667
"FLRT2",1,0.0166666666666667
"FOSL1",1,0.0166666666666667
"FRMD3",1,0.0166666666666667
"GAS6-DT",1,0.0166666666666667
"GGA1",1,0.0166666666666667
"GINS3",1,0.0166666666666667
"GINS4",1,0.0166666666666667
"GNL3",1,0.0166666666666667
"H2BC8",1,0.0166666666666667
"H4C16",1,0.0166666666666667
"HACL2",1,0.0166666666666667
"HDAC2",1,0.0166666666666667
"HMGA2",1,0.0166666666666667
"HMGB2",1,0.0166666666666667
"HMGCS1",1,0.0166666666666667
"HNRNPH1",1,0.0166666666666667
"HOXC12",1,0.0166666666666667
"HRCT1",1,0.0166666666666667
"HUWE1",1,0.0166666666666667
"IFT25",1,0.0166666666666667
"ING3",1,0.0166666666666667
"INHBA-AS1",1,0.0166666666666667
"INTS15",1,0.0166666666666667
"KCNH5",1,0.0166666666666667
"KCNV1",1,0.0166666666666667
"KIF26A",1,0.0166666666666667
"LINC00460",1,0.0166666666666667
"LINC00944",1,0.0166666666666667
"LINC01836",1,0.0166666666666667
"LINC01841",1,0.0166666666666667
"LINC03067",1,0.0166666666666667
"LOC101928450",1,0.0166666666666667
"LOC107984262",1,0.0166666666666667
"LRRC37A4P",1,0.0166666666666667
"LSM8",1,0.0166666666666667
"LY96",1,0.0166666666666667
"LYAR",1,0.0166666666666667
"MACROH2A2",1,0.0166666666666667
"MAML2",1,0.0166666666666667
"MAP3K6",1,0.0166666666666667
"MCM6",1,0.0166666666666667
"MIB2",1,0.0166666666666667
"MIS18BP1",1,0.0166666666666667
"MROH1",1,0.0166666666666667
"MYD88",1,0.0166666666666667
"MYH10",1,0.0166666666666667
"NAP1L3",1,0.0166666666666667
"NFE2L2",1,0.0166666666666667
"NFKB2",1,0.0166666666666667
"NR4A2",1,0.0166666666666667
"OLA1",1,0.0166666666666667
"PDE5A",1,0.0166666666666667
"PEX2",1,0.0166666666666667
"PIK3R5",1,0.0166666666666667
"PIM3",1,0.0166666666666667
"PITPNC1",1,0.0166666666666667
"PLCB1",1,0.0166666666666667
"POLR2K",1,0.0166666666666667
"PRPF18",1,0.0166666666666667
"PRR5L",1,0.0166666666666667
"PSRC1",1,0.0166666666666667
"PSTPIP2",1,0.0166666666666667
"RAB11FIP1",1,0.0166666666666667
"RASGEF1C",1,0.0166666666666667
"RASSF1",1,0.0166666666666667
"RGL1",1,0.0166666666666667
"RHBDD1",1,0.0166666666666667
"RIPPLY3",1,0.0166666666666667
"RMI2",1,0.0166666666666667
"RNF2",1,0.0166666666666667
"RPS27L",1,0.0166666666666667
"SBDSP1",1,0.0166666666666667
"SCARF2",1,0.0166666666666667
"SCN5A",1,0.0166666666666667
"SH2D5",1,0.0166666666666667
"SHC2",1,0.0166666666666667
"SIN3A",1,0.0166666666666667
"SIRT7",1,0.0166666666666667
"SLC25A29",1,0.0166666666666667
"SLC26A6",1,0.0166666666666667
"SLC43A1",1,0.0166666666666667
"SLC7A13",1,0.0166666666666667
"SMIM29",1,0.0166666666666667
"SNHG17",1,0.0166666666666667
"SNHG8",1,0.0166666666666667
"SOWAHD",1,0.0166666666666667
"SP5",1,0.0166666666666667
"SPDYE5",1,0.0166666666666667
"SQSTM1",1,0.0166666666666667
"ST3GAL5",1,0.0166666666666667
"STING1",1,0.0166666666666667
"TAF13",1,0.0166666666666667
"TARS1",1,0.0166666666666667
"TBC1D4",1,0.0166666666666667
"TGDS",1,0.0166666666666667
"THAP3",1,0.0166666666666667
"THUMPD3-AS1",1,0.0166666666666667
"TNS2",1,0.0166666666666667
"TPRA1",1,0.0166666666666667
"TRAPPC11",1,0.0166666666666667
"TRAPPC14",1,0.0166666666666667
"TRAPPC9",1,0.0166666666666667
"TRIM16",1,0.0166666666666667
"TUB",1,0.0166666666666667
"TUBA1C",1,0.0166666666666667
"TUBB2A",1,0.0166666666666667
"UBE2C",1,0.0166666666666667
"UTP3",1,0.0166666666666667
"VEGFA",1,0.0166666666666667
"VESTAR",1,0.0166666666666667
"WDFY1",1,0.0166666666666667
"WDR43",1,0.0166666666666667
"XBP1",1,0.0166666666666667
"ZBED3",1,0.0166666666666667
"ZC3H15",1,0.0166666666666667
"ZNF271P",1,0.0166666666666667
"ZNF462",1,0.0166666666666667
"ZNF625-ZNF20",1,0.0166666666666667
